"species","scientificName","decimalLatitude","decimalLongitude","coordinateUncertaintyInMeters","year","month","country","countryCode","class","locality","occurrenceStatus","basisOfRecord","institutionCode","gbifRegion","phylum","family"
"Erithacus rubecula","Erithacus rubecula (Linnaeus, 1758)",51.48094,-0.29108,4,2025,1,"United Kingdom of Great Britain and Northern Ireland","GB","Aves","England - Greater London","PRESENT","HUMAN_OBSERVATION",NA,"EUROPE","Chordata","Muscicapidae"
"Erithacus rubecula","Erithacus rubecula (Linnaeus, 1758)",55.971535,-4.685787,4,2025,1,"United Kingdom of Great Britain and Northern Ireland","GB","Aves","Clyde estuaria","PRESENT","HUMAN_OBSERVATION",NA,"EUROPE","Chordata","Muscicapidae"
"Erithacus rubecula","Erithacus rubecula (Linnaeus, 1758)",50.783002,-3.329993,4,2025,1,"United Kingdom of Great Britain and Northern Ireland","GB","Aves","Talaton CP","PRESENT","HUMAN_OBSERVATION",NA,"EUROPE","Chordata","Muscicapidae"
"Erithacus rubecula","Erithacus rubecula (Linnaeus, 1758)",53.122115,-2.0737,8,2025,1,"United Kingdom of Great Britain and Northern Ireland","GB","Aves","Horton CP","PRESENT","HUMAN_OBSERVATION",NA,"EUROPE","Chordata","Muscicapidae"
"Erithacus rubecula","Erithacus rubecula (Linnaeus, 1758)",56.061236,-5.548705,10,2025,1,"United Kingdom of Great Britain and Northern Ireland","GB","Aves","Scotland - Argyll - Knapdale","PRESENT","HUMAN_OBSERVATION",NA,"EUROPE","Chordata","Muscicapidae"
"Erithacus rubecula","Erithacus rubecula (Linnaeus, 1758)",55.894707,-4.318808,3,2025,1,"United Kingdom of Great Britain and Northern Ireland","GB","Aves","Scotland - Glasgow","PRESENT","HUMAN_OBSERVATION",NA,"EUROPE","Chordata","Muscicapidae"
"Erithacus rubecula","Erithacus rubecula (Linnaeus, 1758)",51.484489,-0.28558,4,2025,1,"United Kingdom of Great Britain and Northern Ireland","GB","Aves","England - Greater London","PRESENT","HUMAN_OBSERVATION",NA,"EUROPE","Chordata","Muscicapidae"
"Erithacus rubecula","Erithacus rubecula (Linnaeus, 1758)",50.224153,-5.090304,2163,2025,1,"United Kingdom of Great Britain and Northern Ireland","GB","Aves",NA,"PRESENT","HUMAN_OBSERVATION","iNaturalist","EUROPE","Chordata","Muscicapidae"
"Erithacus rubecula","Erithacus rubecula (Linnaeus, 1758)",51.630714,-0.509579,2,2025,1,"United Kingdom of Great Britain and Northern Ireland","GB","Aves",NA,"PRESENT","HUMAN_OBSERVATION","iNaturalist","EUROPE","Chordata","Muscicapidae"
"Erithacus rubecula","Erithacus rubecula (Linnaeus, 1758)",51.793337,-4.750711,NA,2025,1,"United Kingdom of Great Britain and Northern Ireland","GB","Aves",NA,"PRESENT","HUMAN_OBSERVATION","iNaturalist","EUROPE","Chordata","Muscicapidae"
"Erithacus rubecula","Erithacus rubecula (Linnaeus, 1758)",54.572447,-0.899615,NA,2025,1,"United Kingdom of Great Britain and Northern Ireland","GB","Aves",NA,"PRESENT","HUMAN_OBSERVATION","iNaturalist","EUROPE","Chordata","Muscicapidae"
"Erithacus rubecula","Erithacus rubecula (Linnaeus, 1758)",50.460527,-3.550343,26357,2025,1,"United Kingdom of Great Britain and Northern Ireland","GB","Aves",NA,"PRESENT","HUMAN_OBSERVATION","iNaturalist","EUROPE","Chordata","Muscicapidae"
"Erithacus rubecula","Erithacus rubecula (Linnaeus, 1758)",54.21836,-2.375255,NA,2025,1,"United Kingdom of Great Britain and Northern Ireland","GB","Aves",NA,"PRESENT","HUMAN_OBSERVATION","iNaturalist","EUROPE","Chordata","Muscicapidae"
"Erithacus rubecula","Erithacus rubecula (Linnaeus, 1758)",51.446849,-0.142549,67,2025,1,"United Kingdom of Great Britain and Northern Ireland","GB","Aves",NA,"PRESENT","HUMAN_OBSERVATION","iNaturalist","EUROPE","Chordata","Muscicapidae"
"Erithacus rubecula","Erithacus rubecula (Linnaeus, 1758)",54.973478,-1.594833,15,2025,1,"United Kingdom of Great Britain and Northern Ireland","GB","Aves",NA,"PRESENT","HUMAN_OBSERVATION","iNaturalist","EUROPE","Chordata","Muscicapidae"
"Erithacus rubecula","Erithacus rubecula (Linnaeus, 1758)",52.816887,-2.126842,NA,2025,1,"United Kingdom of Great Britain and Northern Ireland","GB","Aves",NA,"PRESENT","HUMAN_OBSERVATION","iNaturalist","EUROPE","Chordata","Muscicapidae"
"Erithacus rubecula","Erithacus rubecula (Linnaeus, 1758)",51.379253,-2.377997,20,2025,1,"United Kingdom of Great Britain and Northern Ireland","GB","Aves",NA,"PRESENT","HUMAN_OBSERVATION","iNaturalist","EUROPE","Chordata","Muscicapidae"
"Erithacus rubecula","Erithacus rubecula (Linnaeus, 1758)",56.560653,-3.62575,3,2025,1,"United Kingdom of Great Britain and Northern Ireland","GB","Aves",NA,"PRESENT","HUMAN_OBSERVATION","iNaturalist","EUROPE","Chordata","Muscicapidae"
"Erithacus rubecula","Erithacus rubecula (Linnaeus, 1758)",53.368993,-2.853585,1,2025,1,"United Kingdom of Great Britain and Northern Ireland","GB","Aves",NA,"PRESENT","HUMAN_OBSERVATION","iNaturalist","EUROPE","Chordata","Muscicapidae"
"Erithacus rubecula","Erithacus rubecula (Linnaeus, 1758)",51.007347,-3.11563,3,2025,1,"United Kingdom of Great Britain and Northern Ireland","GB","Aves",NA,"PRESENT","HUMAN_OBSERVATION","iNaturalist","EUROPE","Chordata","Muscicapidae"
"Erithacus rubecula","Erithacus rubecula (Linnaeus, 1758)",51.444,-0.281855,20,2025,1,"United Kingdom of Great Britain and Northern Ireland","GB","Aves",NA,"PRESENT","HUMAN_OBSERVATION","iNaturalist","EUROPE","Chordata","Muscicapidae"
"Erithacus rubecula","Erithacus rubecula (Linnaeus, 1758)",51.547967,0.445786,NA,2025,1,"United Kingdom of Great Britain and Northern Ireland","GB","Aves",NA,"PRESENT","HUMAN_OBSERVATION","iNaturalist","EUROPE","Chordata","Muscicapidae"
"Erithacus rubecula","Erithacus rubecula (Linnaeus, 1758)",53.718223,-2.790334,136,2025,1,"United Kingdom of Great Britain and Northern Ireland","GB","Aves",NA,"PRESENT","HUMAN_OBSERVATION","iNaturalist","EUROPE","Chordata","Muscicapidae"
"Erithacus rubecula","Erithacus rubecula (Linnaeus, 1758)",52.407647,-1.533458,NA,2025,1,"United Kingdom of Great Britain and Northern Ireland","GB","Aves",NA,"PRESENT","HUMAN_OBSERVATION","iNaturalist","EUROPE","Chordata","Muscicapidae"
"Erithacus rubecula","Erithacus rubecula (Linnaeus, 1758)",50.883989,0.556616,6,2025,1,"United Kingdom of Great Britain and Northern Ireland","GB","Aves",NA,"PRESENT","HUMAN_OBSERVATION","iNaturalist","EUROPE","Chordata","Muscicapidae"
"Erithacus rubecula","Erithacus rubecula (Linnaeus, 1758)",51.471162,-3.563268,9,2025,1,"United Kingdom of Great Britain and Northern Ireland","GB","Aves",NA,"PRESENT","HUMAN_OBSERVATION","iNaturalist","EUROPE","Chordata","Muscicapidae"
"Erithacus rubecula","Erithacus rubecula (Linnaeus, 1758)",52.107462,-1.463302,6,2025,1,"United Kingdom of Great Britain and Northern Ireland","GB","Aves",NA,"PRESENT","HUMAN_OBSERVATION","iNaturalist","EUROPE","Chordata","Muscicapidae"
"Erithacus rubecula","Erithacus rubecula (Linnaeus, 1758)",53.382932,-2.937035,132,2025,1,"United Kingdom of Great Britain and Northern Ireland","GB","Aves",NA,"PRESENT","HUMAN_OBSERVATION","iNaturalist","EUROPE","Chordata","Muscicapidae"
"Erithacus rubecula","Erithacus rubecula (Linnaeus, 1758)",51.427857,-2.203348,3,2025,1,"United Kingdom of Great Britain and Northern Ireland","GB","Aves",NA,"PRESENT","HUMAN_OBSERVATION","iNaturalist","EUROPE","Chordata","Muscicapidae"
"Erithacus rubecula","Erithacus rubecula (Linnaeus, 1758)",52.576922,-2.155344,4,2025,1,"United Kingdom of Great Britain and Northern Ireland","GB","Aves",NA,"PRESENT","HUMAN_OBSERVATION","iNaturalist","EUROPE","Chordata","Muscicapidae"
"Erithacus rubecula","Erithacus rubecula (Linnaeus, 1758)",52.506109,-1.948842,26036,2025,1,"United Kingdom of Great Britain and Northern Ireland","GB","Aves",NA,"PRESENT","HUMAN_OBSERVATION","iNaturalist","EUROPE","Chordata","Muscicapidae"
"Erithacus rubecula","Erithacus rubecula (Linnaeus, 1758)",56.03644,-3.501471,50,2025,1,"United Kingdom of Great Britain and Northern Ireland","GB","Aves",NA,"PRESENT","HUMAN_OBSERVATION","iNaturalist","EUROPE","Chordata","Muscicapidae"
"Erithacus rubecula","Erithacus rubecula (Linnaeus, 1758)",50.756399,0.267169,11,2025,1,"United Kingdom of Great Britain and Northern Ireland","GB","Aves",NA,"PRESENT","HUMAN_OBSERVATION","iNaturalist","EUROPE","Chordata","Muscicapidae"
"Erithacus rubecula","Erithacus rubecula (Linnaeus, 1758)",53.228533,-1.609234,31,2025,1,"United Kingdom of Great Britain and Northern Ireland","GB","Aves",NA,"PRESENT","HUMAN_OBSERVATION","iNaturalist","EUROPE","Chordata","Muscicapidae"
"Erithacus rubecula","Erithacus rubecula (Linnaeus, 1758)",51.76663,-2.360983,NA,2025,1,"United Kingdom of Great Britain and Northern Ireland","GB","Aves",NA,"PRESENT","HUMAN_OBSERVATION","iNaturalist","EUROPE","Chordata","Muscicapidae"
"Erithacus rubecula","Erithacus rubecula (Linnaeus, 1758)",54.667941,-7.314232,NA,2025,1,"United Kingdom of Great Britain and Northern Ireland","GB","Aves",NA,"PRESENT","HUMAN_OBSERVATION","iNaturalist","EUROPE","Chordata","Muscicapidae"
"Erithacus rubecula","Erithacus rubecula (Linnaeus, 1758)",53.398154,-2.169861,40,2025,1,"United Kingdom of Great Britain and Northern Ireland","GB","Aves",NA,"PRESENT","HUMAN_OBSERVATION","iNaturalist","EUROPE","Chordata","Muscicapidae"
"Erithacus rubecula","Erithacus rubecula (Linnaeus, 1758)",51.509747,-0.188867,3,2025,1,"United Kingdom of Great Britain and Northern Ireland","GB","Aves",NA,"PRESENT","HUMAN_OBSERVATION","iNaturalist","EUROPE","Chordata","Muscicapidae"
"Erithacus rubecula","Erithacus rubecula (Linnaeus, 1758)",55.602828,-2.725195,29,2025,1,"United Kingdom of Great Britain and Northern Ireland","GB","Aves",NA,"PRESENT","HUMAN_OBSERVATION","iNaturalist","EUROPE","Chordata","Muscicapidae"
"Erithacus rubecula","Erithacus rubecula (Linnaeus, 1758)",51.446888,-0.14251,24,2025,1,"United Kingdom of Great Britain and Northern Ireland","GB","Aves",NA,"PRESENT","HUMAN_OBSERVATION","iNaturalist","EUROPE","Chordata","Muscicapidae"
"Erithacus rubecula","Erithacus rubecula (Linnaeus, 1758)",56.093235,-4.556802,NA,2025,1,"United Kingdom of Great Britain and Northern Ireland","GB","Aves",NA,"PRESENT","HUMAN_OBSERVATION","iNaturalist","EUROPE","Chordata","Muscicapidae"
"Erithacus rubecula","Erithacus rubecula (Linnaeus, 1758)",54.973664,-1.595337,8,2025,1,"United Kingdom of Great Britain and Northern Ireland","GB","Aves",NA,"PRESENT","HUMAN_OBSERVATION","iNaturalist","EUROPE","Chordata","Muscicapidae"
"Erithacus rubecula","Erithacus rubecula (Linnaeus, 1758)",53.548351,-2.767632,175,2025,1,"United Kingdom of Great Britain and Northern Ireland","GB","Aves",NA,"PRESENT","HUMAN_OBSERVATION","iNaturalist","EUROPE","Chordata","Muscicapidae"
"Erithacus rubecula","Erithacus rubecula (Linnaeus, 1758)",53.254809,-3.031955,15,2025,1,"United Kingdom of Great Britain and Northern Ireland","GB","Aves",NA,"PRESENT","HUMAN_OBSERVATION","iNaturalist","EUROPE","Chordata","Muscicapidae"
"Erithacus rubecula","Erithacus rubecula (Linnaeus, 1758)",51.762057,-1.258713,4,2025,1,"United Kingdom of Great Britain and Northern Ireland","GB","Aves",NA,"PRESENT","HUMAN_OBSERVATION","iNaturalist","EUROPE","Chordata","Muscicapidae"
"Erithacus rubecula","Erithacus rubecula (Linnaeus, 1758)",53.880367,-0.430763,33,2025,1,"United Kingdom of Great Britain and Northern Ireland","GB","Aves",NA,"PRESENT","HUMAN_OBSERVATION","iNaturalist","EUROPE","Chordata","Muscicapidae"
"Erithacus rubecula","Erithacus rubecula (Linnaeus, 1758)",54.359747,-2.941267,NA,2025,1,"United Kingdom of Great Britain and Northern Ireland","GB","Aves",NA,"PRESENT","HUMAN_OBSERVATION","iNaturalist","EUROPE","Chordata","Muscicapidae"
"Erithacus rubecula","Erithacus rubecula (Linnaeus, 1758)",53.920868,-1.157498,39,2025,1,"United Kingdom of Great Britain and Northern Ireland","GB","Aves",NA,"PRESENT","HUMAN_OBSERVATION","iNaturalist","EUROPE","Chordata","Muscicapidae"
"Erithacus rubecula","Erithacus rubecula (Linnaeus, 1758)",56.719457,-2.457777,109,2025,1,"United Kingdom of Great Britain and Northern Ireland","GB","Aves",NA,"PRESENT","HUMAN_OBSERVATION","iNaturalist","EUROPE","Chordata","Muscicapidae"
"Erithacus rubecula","Erithacus rubecula (Linnaeus, 1758)",51.640405,-4.802521,76,2025,1,"United Kingdom of Great Britain and Northern Ireland","GB","Aves",NA,"PRESENT","HUMAN_OBSERVATION","iNaturalist","EUROPE","Chordata","Muscicapidae"
"Erithacus rubecula","Erithacus rubecula (Linnaeus, 1758)",52.621744,1.329165,2,2025,1,"United Kingdom of Great Britain and Northern Ireland","GB","Aves",NA,"PRESENT","HUMAN_OBSERVATION","iNaturalist","EUROPE","Chordata","Muscicapidae"
"Erithacus rubecula","Erithacus rubecula (Linnaeus, 1758)",53.223023,-1.607303,38,2025,1,"United Kingdom of Great Britain and Northern Ireland","GB","Aves",NA,"PRESENT","HUMAN_OBSERVATION","iNaturalist","EUROPE","Chordata","Muscicapidae"
"Erithacus rubecula","Erithacus rubecula (Linnaeus, 1758)",54.602776,-3.098481,115,2025,1,"United Kingdom of Great Britain and Northern Ireland","GB","Aves",NA,"PRESENT","HUMAN_OBSERVATION","iNaturalist","EUROPE","Chordata","Muscicapidae"
"Erithacus rubecula","Erithacus rubecula (Linnaeus, 1758)",54.383191,-1.61811,6,2025,1,"United Kingdom of Great Britain and Northern Ireland","GB","Aves",NA,"PRESENT","HUMAN_OBSERVATION","iNaturalist","EUROPE","Chordata","Muscicapidae"
"Erithacus rubecula","Erithacus rubecula (Linnaeus, 1758)",51.194375,-4.198787,2,2025,1,"United Kingdom of Great Britain and Northern Ireland","GB","Aves",NA,"PRESENT","HUMAN_OBSERVATION","iNaturalist","EUROPE","Chordata","Muscicapidae"
"Erithacus rubecula","Erithacus rubecula (Linnaeus, 1758)",54.953635,-6.550487,24,2025,1,"United Kingdom of Great Britain and Northern Ireland","GB","Aves",NA,"PRESENT","HUMAN_OBSERVATION","iNaturalist","EUROPE","Chordata","Muscicapidae"
"Erithacus rubecula","Erithacus rubecula (Linnaeus, 1758)",54.400249,-2.964428,18,2025,1,"United Kingdom of Great Britain and Northern Ireland","GB","Aves",NA,"PRESENT","HUMAN_OBSERVATION","iNaturalist","EUROPE","Chordata","Muscicapidae"
"Erithacus rubecula","Erithacus rubecula (Linnaeus, 1758)",53.254033,-3.130944,5,2025,1,"United Kingdom of Great Britain and Northern Ireland","GB","Aves",NA,"PRESENT","HUMAN_OBSERVATION","iNaturalist","EUROPE","Chordata","Muscicapidae"
"Erithacus rubecula","Erithacus rubecula (Linnaeus, 1758)",56.56607,-3.586463,3,2025,1,"United Kingdom of Great Britain and Northern Ireland","GB","Aves",NA,"PRESENT","HUMAN_OBSERVATION","iNaturalist","EUROPE","Chordata","Muscicapidae"
"Erithacus rubecula","Erithacus rubecula (Linnaeus, 1758)",53.315619,-1.915918,2,2025,1,"United Kingdom of Great Britain and Northern Ireland","GB","Aves",NA,"PRESENT","HUMAN_OBSERVATION","iNaturalist","EUROPE","Chordata","Muscicapidae"
"Erithacus rubecula","Erithacus rubecula (Linnaeus, 1758)",51.130722,-2.994387,8513,2025,1,"United Kingdom of Great Britain and Northern Ireland","GB","Aves",NA,"PRESENT","HUMAN_OBSERVATION","iNaturalist","EUROPE","Chordata","Muscicapidae"
"Erithacus rubecula","Erithacus rubecula (Linnaeus, 1758)",53.824271,-1.646285,31,2025,1,"United Kingdom of Great Britain and Northern Ireland","GB","Aves",NA,"PRESENT","HUMAN_OBSERVATION","iNaturalist","EUROPE","Chordata","Muscicapidae"
"Erithacus rubecula","Erithacus rubecula (Linnaeus, 1758)",54.806785,-1.557484,373,2025,1,"United Kingdom of Great Britain and Northern Ireland","GB","Aves",NA,"PRESENT","HUMAN_OBSERVATION","iNaturalist","EUROPE","Chordata","Muscicapidae"
"Erithacus rubecula","Erithacus rubecula (Linnaeus, 1758)",56.137595,-4.903852,3,2025,1,"United Kingdom of Great Britain and Northern Ireland","GB","Aves",NA,"PRESENT","HUMAN_OBSERVATION","iNaturalist","EUROPE","Chordata","Muscicapidae"
"Erithacus rubecula","Erithacus rubecula (Linnaeus, 1758)",53.228605,-1.606081,31,2025,1,"United Kingdom of Great Britain and Northern Ireland","GB","Aves",NA,"PRESENT","HUMAN_OBSERVATION","iNaturalist","EUROPE","Chordata","Muscicapidae"
"Erithacus rubecula","Erithacus rubecula (Linnaeus, 1758)",57.141181,-3.674697,NA,2025,1,"United Kingdom of Great Britain and Northern Ireland","GB","Aves",NA,"PRESENT","HUMAN_OBSERVATION","iNaturalist","EUROPE","Chordata","Muscicapidae"
"Erithacus rubecula","Erithacus rubecula (Linnaeus, 1758)",52.296304,1.40325,175,2025,1,"United Kingdom of Great Britain and Northern Ireland","GB","Aves",NA,"PRESENT","HUMAN_OBSERVATION","iNaturalist","EUROPE","Chordata","Muscicapidae"
"Erithacus rubecula","Erithacus rubecula (Linnaeus, 1758)",51.529228,-0.161083,4,2025,1,"United Kingdom of Great Britain and Northern Ireland","GB","Aves",NA,"PRESENT","HUMAN_OBSERVATION","iNaturalist","EUROPE","Chordata","Muscicapidae"
"Erithacus rubecula","Erithacus rubecula (Linnaeus, 1758)",51.745411,-3.193285,16,2025,1,"United Kingdom of Great Britain and Northern Ireland","GB","Aves",NA,"PRESENT","HUMAN_OBSERVATION","iNaturalist","EUROPE","Chordata","Muscicapidae"
"Erithacus rubecula","Erithacus rubecula (Linnaeus, 1758)",55.826788,-4.314983,3,2025,1,"United Kingdom of Great Britain and Northern Ireland","GB","Aves",NA,"PRESENT","HUMAN_OBSERVATION","iNaturalist","EUROPE","Chordata","Muscicapidae"
"Erithacus rubecula","Erithacus rubecula (Linnaeus, 1758)",51.745411,-3.193285,16,2025,1,"United Kingdom of Great Britain and Northern Ireland","GB","Aves",NA,"PRESENT","HUMAN_OBSERVATION","iNaturalist","EUROPE","Chordata","Muscicapidae"
"Erithacus rubecula","Erithacus rubecula (Linnaeus, 1758)",54.489365,-0.615096,6,2025,1,"United Kingdom of Great Britain and Northern Ireland","GB","Aves",NA,"PRESENT","HUMAN_OBSERVATION","iNaturalist","EUROPE","Chordata","Muscicapidae"
"Erithacus rubecula","Erithacus rubecula (Linnaeus, 1758)",52.793034,1.145921,26004,2025,1,"United Kingdom of Great Britain and Northern Ireland","GB","Aves",NA,"PRESENT","HUMAN_OBSERVATION","iNaturalist","EUROPE","Chordata","Muscicapidae"
"Erithacus rubecula","Erithacus rubecula (Linnaeus, 1758)",51.745134,-0.337754,4,2025,1,"United Kingdom of Great Britain and Northern Ireland","GB","Aves",NA,"PRESENT","HUMAN_OBSERVATION","iNaturalist","EUROPE","Chordata","Muscicapidae"
"Erithacus rubecula","Erithacus rubecula (Linnaeus, 1758)",52.592916,-1.698468,NA,2025,1,"United Kingdom of Great Britain and Northern Ireland","GB","Aves",NA,"PRESENT","HUMAN_OBSERVATION","iNaturalist","EUROPE","Chordata","Muscicapidae"
"Erithacus rubecula","Erithacus rubecula (Linnaeus, 1758)",51.542022,-2.964797,8,2025,1,"United Kingdom of Great Britain and Northern Ireland","GB","Aves",NA,"PRESENT","HUMAN_OBSERVATION","iNaturalist","EUROPE","Chordata","Muscicapidae"
"Erithacus rubecula","Erithacus rubecula (Linnaeus, 1758)",52.744132,1.035641,26004,2025,1,"United Kingdom of Great Britain and Northern Ireland","GB","Aves",NA,"PRESENT","HUMAN_OBSERVATION","iNaturalist","EUROPE","Chordata","Muscicapidae"
"Erithacus rubecula","Erithacus rubecula (Linnaeus, 1758)",52.413722,-1.941351,91,2025,1,"United Kingdom of Great Britain and Northern Ireland","GB","Aves",NA,"PRESENT","HUMAN_OBSERVATION","iNaturalist","EUROPE","Chordata","Muscicapidae"
"Erithacus rubecula","Erithacus rubecula (Linnaeus, 1758)",53.069611,-2.271514,13,2025,1,"United Kingdom of Great Britain and Northern Ireland","GB","Aves",NA,"PRESENT","HUMAN_OBSERVATION","iNaturalist","EUROPE","Chordata","Muscicapidae"
"Erithacus rubecula","Erithacus rubecula (Linnaeus, 1758)",52.918363,-0.659402,295,2025,1,"United Kingdom of Great Britain and Northern Ireland","GB","Aves",NA,"PRESENT","HUMAN_OBSERVATION","iNaturalist","EUROPE","Chordata","Muscicapidae"
"Erithacus rubecula","Erithacus rubecula (Linnaeus, 1758)",51.548004,0.444068,NA,2025,1,"United Kingdom of Great Britain and Northern Ireland","GB","Aves",NA,"PRESENT","HUMAN_OBSERVATION","iNaturalist","EUROPE","Chordata","Muscicapidae"
"Erithacus rubecula","Erithacus rubecula (Linnaeus, 1758)",55.946137,-4.283411,4,2025,1,"United Kingdom of Great Britain and Northern Ireland","GB","Aves",NA,"PRESENT","HUMAN_OBSERVATION","iNaturalist","EUROPE","Chordata","Muscicapidae"
"Erithacus rubecula","Erithacus rubecula (Linnaeus, 1758)",53.369047,-2.853687,1,2025,1,"United Kingdom of Great Britain and Northern Ireland","GB","Aves",NA,"PRESENT","HUMAN_OBSERVATION","iNaturalist","EUROPE","Chordata","Muscicapidae"
"Erithacus rubecula","Erithacus rubecula (Linnaeus, 1758)",52.620718,-1.393003,8,2025,1,"United Kingdom of Great Britain and Northern Ireland","GB","Aves",NA,"PRESENT","HUMAN_OBSERVATION","iNaturalist","EUROPE","Chordata","Muscicapidae"
"Erithacus rubecula","Erithacus rubecula (Linnaeus, 1758)",53.627568,-2.117893,2,2025,1,"United Kingdom of Great Britain and Northern Ireland","GB","Aves",NA,"PRESENT","HUMAN_OBSERVATION","iNaturalist","EUROPE","Chordata","Muscicapidae"
"Erithacus rubecula","Erithacus rubecula (Linnaeus, 1758)",53.418323,-1.750288,280,2025,1,"United Kingdom of Great Britain and Northern Ireland","GB","Aves",NA,"PRESENT","HUMAN_OBSERVATION","iNaturalist","EUROPE","Chordata","Muscicapidae"
"Erithacus rubecula","Erithacus rubecula (Linnaeus, 1758)",51.435108,-0.992453,6,2025,1,"United Kingdom of Great Britain and Northern Ireland","GB","Aves",NA,"PRESENT","HUMAN_OBSERVATION","iNaturalist","EUROPE","Chordata","Muscicapidae"
"Erithacus rubecula","Erithacus rubecula (Linnaeus, 1758)",53.441257,-1.748606,278,2025,1,"United Kingdom of Great Britain and Northern Ireland","GB","Aves",NA,"PRESENT","HUMAN_OBSERVATION","iNaturalist","EUROPE","Chordata","Muscicapidae"
"Erithacus rubecula","Erithacus rubecula (Linnaeus, 1758)",51.801377,-3.199933,4,2025,1,"United Kingdom of Great Britain and Northern Ireland","GB","Aves",NA,"PRESENT","HUMAN_OBSERVATION","iNaturalist","EUROPE","Chordata","Muscicapidae"
"Erithacus rubecula","Erithacus rubecula (Linnaeus, 1758)",51.076656,-4.072329,325,2025,1,"United Kingdom of Great Britain and Northern Ireland","GB","Aves",NA,"PRESENT","HUMAN_OBSERVATION","iNaturalist","EUROPE","Chordata","Muscicapidae"
"Erithacus rubecula","Erithacus rubecula (Linnaeus, 1758)",50.953431,-1.214665,NA,2025,1,"United Kingdom of Great Britain and Northern Ireland","GB","Aves",NA,"PRESENT","HUMAN_OBSERVATION","iNaturalist","EUROPE","Chordata","Muscicapidae"
"Erithacus rubecula","Erithacus rubecula (Linnaeus, 1758)",51.638775,-0.157705,8,2025,1,"United Kingdom of Great Britain and Northern Ireland","GB","Aves",NA,"PRESENT","HUMAN_OBSERVATION","iNaturalist","EUROPE","Chordata","Muscicapidae"
"Erithacus rubecula","Erithacus rubecula (Linnaeus, 1758)",51.775973,-2.383433,4,2025,1,"United Kingdom of Great Britain and Northern Ireland","GB","Aves",NA,"PRESENT","HUMAN_OBSERVATION","iNaturalist","EUROPE","Chordata","Muscicapidae"
"Erithacus rubecula","Erithacus rubecula (Linnaeus, 1758)",53.628761,-2.146353,368,2025,1,"United Kingdom of Great Britain and Northern Ireland","GB","Aves",NA,"PRESENT","HUMAN_OBSERVATION","iNaturalist","EUROPE","Chordata","Muscicapidae"
"Erithacus rubecula","Erithacus rubecula (Linnaeus, 1758)",52.462225,-1.679466,28953,2025,1,"United Kingdom of Great Britain and Northern Ireland","GB","Aves",NA,"PRESENT","HUMAN_OBSERVATION","iNaturalist","EUROPE","Chordata","Muscicapidae"
"Erithacus rubecula","Erithacus rubecula (Linnaeus, 1758)",51.740701,-2.402018,8,2025,1,"United Kingdom of Great Britain and Northern Ireland","GB","Aves",NA,"PRESENT","HUMAN_OBSERVATION","iNaturalist","EUROPE","Chordata","Muscicapidae"
"Erithacus rubecula","Erithacus rubecula (Linnaeus, 1758)",51.865021,-4.265768,3,2025,1,"United Kingdom of Great Britain and Northern Ireland","GB","Aves",NA,"PRESENT","HUMAN_OBSERVATION","iNaturalist","EUROPE","Chordata","Muscicapidae"
"Erithacus rubecula","Erithacus rubecula (Linnaeus, 1758)",53.745422,-2.949569,NA,2025,1,"United Kingdom of Great Britain and Northern Ireland","GB","Aves",NA,"PRESENT","HUMAN_OBSERVATION","iNaturalist","EUROPE","Chordata","Muscicapidae"
"Erithacus rubecula","Erithacus rubecula (Linnaeus, 1758)",54.016,-0.971845,8,2025,1,"United Kingdom of Great Britain and Northern Ireland","GB","Aves",NA,"PRESENT","HUMAN_OBSERVATION","iNaturalist","EUROPE","Chordata","Muscicapidae"
"Erithacus rubecula","Erithacus rubecula (Linnaeus, 1758)",57.157007,-2.286807,3,2025,1,"United Kingdom of Great Britain and Northern Ireland","GB","Aves",NA,"PRESENT","HUMAN_OBSERVATION","iNaturalist","EUROPE","Chordata","Muscicapidae"
"Erithacus rubecula","Erithacus rubecula (Linnaeus, 1758)",53.634559,-1.433889,23,2025,1,"United Kingdom of Great Britain and Northern Ireland","GB","Aves",NA,"PRESENT","HUMAN_OBSERVATION","iNaturalist","EUROPE","Chordata","Muscicapidae"
"Erithacus rubecula","Erithacus rubecula (Linnaeus, 1758)",56.427926,-2.873993,387,2025,1,"United Kingdom of Great Britain and Northern Ireland","GB","Aves",NA,"PRESENT","HUMAN_OBSERVATION","iNaturalist","EUROPE","Chordata","Muscicapidae"
"Erithacus rubecula","Erithacus rubecula (Linnaeus, 1758)",54.768539,-2.39859,93,2025,1,"United Kingdom of Great Britain and Northern Ireland","GB","Aves",NA,"PRESENT","HUMAN_OBSERVATION","iNaturalist","EUROPE","Chordata","Muscicapidae"
"Erithacus rubecula","Erithacus rubecula (Linnaeus, 1758)",51.486109,0.288767,31,2025,1,"United Kingdom of Great Britain and Northern Ireland","GB","Aves",NA,"PRESENT","HUMAN_OBSERVATION","iNaturalist","EUROPE","Chordata","Muscicapidae"
"Erithacus rubecula","Erithacus rubecula (Linnaeus, 1758)",51.365475,-2.344637,4,2025,1,"United Kingdom of Great Britain and Northern Ireland","GB","Aves",NA,"PRESENT","HUMAN_OBSERVATION","iNaturalist","EUROPE","Chordata","Muscicapidae"
"Erithacus rubecula","Erithacus rubecula (Linnaeus, 1758)",51.574236,-0.124819,2,2025,1,"United Kingdom of Great Britain and Northern Ireland","GB","Aves","England - Greater London","PRESENT","HUMAN_OBSERVATION",NA,"EUROPE","Chordata","Muscicapidae"
"Erithacus rubecula","Erithacus rubecula (Linnaeus, 1758)",51.553913,0.00151,2,2025,1,"United Kingdom of Great Britain and Northern Ireland","GB","Aves","England - Greater London","PRESENT","HUMAN_OBSERVATION",NA,"EUROPE","Chordata","Muscicapidae"
"Erithacus rubecula","Erithacus rubecula (Linnaeus, 1758)",51.445956,-0.948006,NA,2025,1,"United Kingdom of Great Britain and Northern Ireland","GB","Aves","England - Berkshire","PRESENT","HUMAN_OBSERVATION",NA,"EUROPE","Chordata","Muscicapidae"
"Erithacus rubecula","Erithacus rubecula (Linnaeus, 1758)",50.783033,-3.330073,4,2025,1,"United Kingdom of Great Britain and Northern Ireland","GB","Aves","Talaton CP","PRESENT","HUMAN_OBSERVATION",NA,"EUROPE","Chordata","Muscicapidae"
"Erithacus rubecula","Erithacus rubecula (Linnaeus, 1758)",55.970436,-4.297178,5,2025,1,"United Kingdom of Great Britain and Northern Ireland","GB","Aves","Scotland - Stirling and Falkirk","PRESENT","HUMAN_OBSERVATION",NA,"EUROPE","Chordata","Muscicapidae"
"Erithacus rubecula","Erithacus rubecula (Linnaeus, 1758)",52.844484,0.823213,1,2025,1,"United Kingdom of Great Britain and Northern Ireland","GB","Aves","Sculthorpe CP","PRESENT","HUMAN_OBSERVATION",NA,"EUROPE","Chordata","Muscicapidae"
"Erithacus rubecula","Erithacus rubecula (Linnaeus, 1758)",50.766862,-3.363719,15,2025,1,"United Kingdom of Great Britain and Northern Ireland","GB","Aves","Whimple CP","PRESENT","HUMAN_OBSERVATION",NA,"EUROPE","Chordata","Muscicapidae"
"Erithacus rubecula","Erithacus rubecula (Linnaeus, 1758)",50.782991,-3.330086,4,2025,1,"United Kingdom of Great Britain and Northern Ireland","GB","Aves","Talaton CP","PRESENT","HUMAN_OBSERVATION",NA,"EUROPE","Chordata","Muscicapidae"
"Erithacus rubecula","Erithacus rubecula (Linnaeus, 1758)",50.783033,-3.330073,4,2025,1,"United Kingdom of Great Britain and Northern Ireland","GB","Aves","Talaton CP","PRESENT","HUMAN_OBSERVATION",NA,"EUROPE","Chordata","Muscicapidae"
"Erithacus rubecula","Erithacus rubecula (Linnaeus, 1758)",52.592181,-1.412669,NA,2025,1,"United Kingdom of Great Britain and Northern Ireland","GB","Aves",NA,"PRESENT","HUMAN_OBSERVATION","iNaturalist","EUROPE","Chordata","Muscicapidae"
"Erithacus rubecula","Erithacus rubecula (Linnaeus, 1758)",52.277546,-1.493889,8,2025,1,"United Kingdom of Great Britain and Northern Ireland","GB","Aves",NA,"PRESENT","HUMAN_OBSERVATION","iNaturalist","EUROPE","Chordata","Muscicapidae"
"Erithacus rubecula","Erithacus rubecula (Linnaeus, 1758)",52.685753,-1.843966,51,2025,1,"United Kingdom of Great Britain and Northern Ireland","GB","Aves",NA,"PRESENT","HUMAN_OBSERVATION","iNaturalist","EUROPE","Chordata","Muscicapidae"
"Erithacus rubecula","Erithacus rubecula (Linnaeus, 1758)",51.296099,1.053627,38,2025,1,"United Kingdom of Great Britain and Northern Ireland","GB","Aves",NA,"PRESENT","HUMAN_OBSERVATION","iNaturalist","EUROPE","Chordata","Muscicapidae"
"Erithacus rubecula","Erithacus rubecula (Linnaeus, 1758)",53.63438,-2.141209,4,2025,1,"United Kingdom of Great Britain and Northern Ireland","GB","Aves",NA,"PRESENT","HUMAN_OBSERVATION","iNaturalist","EUROPE","Chordata","Muscicapidae"
"Erithacus rubecula","Erithacus rubecula (Linnaeus, 1758)",51.671032,-1.27585,2,2025,1,"United Kingdom of Great Britain and Northern Ireland","GB","Aves",NA,"PRESENT","HUMAN_OBSERVATION","iNaturalist","EUROPE","Chordata","Muscicapidae"
"Erithacus rubecula","Erithacus rubecula (Linnaeus, 1758)",53.639344,-2.15489,2,2025,1,"United Kingdom of Great Britain and Northern Ireland","GB","Aves",NA,"PRESENT","HUMAN_OBSERVATION","iNaturalist","EUROPE","Chordata","Muscicapidae"
"Erithacus rubecula","Erithacus rubecula (Linnaeus, 1758)",53.641771,-2.147657,4,2025,1,"United Kingdom of Great Britain and Northern Ireland","GB","Aves",NA,"PRESENT","HUMAN_OBSERVATION","iNaturalist","EUROPE","Chordata","Muscicapidae"
"Erithacus rubecula","Erithacus rubecula (Linnaeus, 1758)",50.821084,0.178554,NA,2025,1,"United Kingdom of Great Britain and Northern Ireland","GB","Aves",NA,"PRESENT","HUMAN_OBSERVATION","iNaturalist","EUROPE","Chordata","Muscicapidae"
"Erithacus rubecula","Erithacus rubecula (Linnaeus, 1758)",51.676527,-1.282451,2,2025,1,"United Kingdom of Great Britain and Northern Ireland","GB","Aves",NA,"PRESENT","HUMAN_OBSERVATION","iNaturalist","EUROPE","Chordata","Muscicapidae"
"Erithacus rubecula","Erithacus rubecula (Linnaeus, 1758)",53.356222,0.062482,244,2025,1,"United Kingdom of Great Britain and Northern Ireland","GB","Aves",NA,"PRESENT","HUMAN_OBSERVATION","iNaturalist","EUROPE","Chordata","Muscicapidae"
"Erithacus rubecula","Erithacus rubecula (Linnaeus, 1758)",53.635653,-2.153585,4,2025,1,"United Kingdom of Great Britain and Northern Ireland","GB","Aves",NA,"PRESENT","HUMAN_OBSERVATION","iNaturalist","EUROPE","Chordata","Muscicapidae"
"Erithacus rubecula","Erithacus rubecula (Linnaeus, 1758)",51.542288,0.646556,5,2025,1,"United Kingdom of Great Britain and Northern Ireland","GB","Aves",NA,"PRESENT","HUMAN_OBSERVATION","iNaturalist","EUROPE","Chordata","Muscicapidae"
"Erithacus rubecula","Erithacus rubecula (Linnaeus, 1758)",53.126598,-2.560624,25940,2025,1,"United Kingdom of Great Britain and Northern Ireland","GB","Aves",NA,"PRESENT","HUMAN_OBSERVATION","iNaturalist","EUROPE","Chordata","Muscicapidae"
"Erithacus rubecula","Erithacus rubecula (Linnaeus, 1758)",57.32964,-1.993075,NA,2025,1,"United Kingdom of Great Britain and Northern Ireland","GB","Aves",NA,"PRESENT","HUMAN_OBSERVATION","iNaturalist","EUROPE","Chordata","Muscicapidae"
"Erithacus rubecula","Erithacus rubecula (Linnaeus, 1758)",53.320067,-1.900465,50,2025,1,"United Kingdom of Great Britain and Northern Ireland","GB","Aves",NA,"PRESENT","HUMAN_OBSERVATION","iNaturalist","EUROPE","Chordata","Muscicapidae"
"Erithacus rubecula","Erithacus rubecula (Linnaeus, 1758)",51.766318,-2.36153,NA,2025,1,"United Kingdom of Great Britain and Northern Ireland","GB","Aves",NA,"PRESENT","HUMAN_OBSERVATION","iNaturalist","EUROPE","Chordata","Muscicapidae"
"Erithacus rubecula","Erithacus rubecula (Linnaeus, 1758)",50.840964,-0.106339,11,2025,1,"United Kingdom of Great Britain and Northern Ireland","GB","Aves",NA,"PRESENT","HUMAN_OBSERVATION","iNaturalist","EUROPE","Chordata","Muscicapidae"
"Erithacus rubecula","Erithacus rubecula (Linnaeus, 1758)",50.359796,-4.17769,12,2025,1,"United Kingdom of Great Britain and Northern Ireland","GB","Aves",NA,"PRESENT","HUMAN_OBSERVATION","iNaturalist","EUROPE","Chordata","Muscicapidae"
"Erithacus rubecula","Erithacus rubecula (Linnaeus, 1758)",53.047376,-2.540315,25940,2025,1,"United Kingdom of Great Britain and Northern Ireland","GB","Aves",NA,"PRESENT","HUMAN_OBSERVATION","iNaturalist","EUROPE","Chordata","Muscicapidae"
"Erithacus rubecula","Erithacus rubecula (Linnaeus, 1758)",50.705952,-3.27034,7,2025,1,"United Kingdom of Great Britain and Northern Ireland","GB","Aves",NA,"PRESENT","HUMAN_OBSERVATION","iNaturalist","EUROPE","Chordata","Muscicapidae"
"Erithacus rubecula","Erithacus rubecula (Linnaeus, 1758)",51.731471,-1.41998,2,2025,1,"United Kingdom of Great Britain and Northern Ireland","GB","Aves",NA,"PRESENT","HUMAN_OBSERVATION","iNaturalist","EUROPE","Chordata","Muscicapidae"
"Erithacus rubecula","Erithacus rubecula (Linnaeus, 1758)",53.639171,-2.155104,4,2025,1,"United Kingdom of Great Britain and Northern Ireland","GB","Aves",NA,"PRESENT","HUMAN_OBSERVATION","iNaturalist","EUROPE","Chordata","Muscicapidae"
"Erithacus rubecula","Erithacus rubecula (Linnaeus, 1758)",57.146053,-2.180638,NA,2025,1,"United Kingdom of Great Britain and Northern Ireland","GB","Aves",NA,"PRESENT","HUMAN_OBSERVATION","iNaturalist","EUROPE","Chordata","Muscicapidae"
"Erithacus rubecula","Erithacus rubecula (Linnaeus, 1758)",51.55078,-0.49129,26196,2025,1,"United Kingdom of Great Britain and Northern Ireland","GB","Aves",NA,"PRESENT","HUMAN_OBSERVATION","iNaturalist","EUROPE","Chordata","Muscicapidae"
"Erithacus rubecula","Erithacus rubecula (Linnaeus, 1758)",51.982241,-0.396,NA,2025,1,"United Kingdom of Great Britain and Northern Ireland","GB","Aves",NA,"PRESENT","HUMAN_OBSERVATION","iNaturalist","EUROPE","Chordata","Muscicapidae"
"Erithacus rubecula","Erithacus rubecula (Linnaeus, 1758)",54.423758,-3.420248,22,2025,1,"United Kingdom of Great Britain and Northern Ireland","GB","Aves",NA,"PRESENT","HUMAN_OBSERVATION","iNaturalist","EUROPE","Chordata","Muscicapidae"
"Erithacus rubecula","Erithacus rubecula (Linnaeus, 1758)",50.856972,-3.50938,4,2025,1,"United Kingdom of Great Britain and Northern Ireland","GB","Aves",NA,"PRESENT","HUMAN_OBSERVATION","iNaturalist","EUROPE","Chordata","Muscicapidae"
"Erithacus rubecula","Erithacus rubecula (Linnaeus, 1758)",52.262803,-1.517486,NA,2025,1,"United Kingdom of Great Britain and Northern Ireland","GB","Aves",NA,"PRESENT","HUMAN_OBSERVATION","iNaturalist","EUROPE","Chordata","Muscicapidae"
"Erithacus rubecula","Erithacus rubecula (Linnaeus, 1758)",51.451809,0.589701,22,2025,1,"United Kingdom of Great Britain and Northern Ireland","GB","Aves",NA,"PRESENT","HUMAN_OBSERVATION","iNaturalist","EUROPE","Chordata","Muscicapidae"
"Erithacus rubecula","Erithacus rubecula (Linnaeus, 1758)",51.536123,0.635663,36,2025,1,"United Kingdom of Great Britain and Northern Ireland","GB","Aves",NA,"PRESENT","HUMAN_OBSERVATION","iNaturalist","EUROPE","Chordata","Muscicapidae"
"Erithacus rubecula","Erithacus rubecula (Linnaeus, 1758)",53.800944,-0.30646,8,2025,1,"United Kingdom of Great Britain and Northern Ireland","GB","Aves",NA,"PRESENT","HUMAN_OBSERVATION","iNaturalist","EUROPE","Chordata","Muscicapidae"
"Erithacus rubecula","Erithacus rubecula (Linnaeus, 1758)",55.540967,-2.842717,122,2025,1,"United Kingdom of Great Britain and Northern Ireland","GB","Aves",NA,"PRESENT","HUMAN_OBSERVATION","iNaturalist","EUROPE","Chordata","Muscicapidae"
"Erithacus rubecula","Erithacus rubecula (Linnaeus, 1758)",52.591853,-1.401547,NA,2025,1,"United Kingdom of Great Britain and Northern Ireland","GB","Aves",NA,"PRESENT","HUMAN_OBSERVATION","iNaturalist","EUROPE","Chordata","Muscicapidae"
"Erithacus rubecula","Erithacus rubecula (Linnaeus, 1758)",51.446053,-0.571204,26196,2025,1,"United Kingdom of Great Britain and Northern Ireland","GB","Aves",NA,"PRESENT","HUMAN_OBSERVATION","iNaturalist","EUROPE","Chordata","Muscicapidae"
"Erithacus rubecula","Erithacus rubecula (Linnaeus, 1758)",50.817762,-1.450572,3,2025,1,"United Kingdom of Great Britain and Northern Ireland","GB","Aves",NA,"PRESENT","HUMAN_OBSERVATION","iNaturalist","EUROPE","Chordata","Muscicapidae"
"Erithacus rubecula","Erithacus rubecula (Linnaeus, 1758)",51.536894,-2.949442,31,2025,1,"United Kingdom of Great Britain and Northern Ireland","GB","Aves",NA,"PRESENT","HUMAN_OBSERVATION","iNaturalist","EUROPE","Chordata","Muscicapidae"
"Erithacus rubecula","Erithacus rubecula (Linnaeus, 1758)",53.639345,-2.154863,2,2025,1,"United Kingdom of Great Britain and Northern Ireland","GB","Aves",NA,"PRESENT","HUMAN_OBSERVATION","iNaturalist","EUROPE","Chordata","Muscicapidae"
"Erithacus rubecula","Erithacus rubecula (Linnaeus, 1758)",55.878538,-4.266922,31,2025,1,"United Kingdom of Great Britain and Northern Ireland","GB","Aves",NA,"PRESENT","HUMAN_OBSERVATION","iNaturalist","EUROPE","Chordata","Muscicapidae"
"Erithacus rubecula","Erithacus rubecula (Linnaeus, 1758)",53.02718,-2.508181,25940,2025,1,"United Kingdom of Great Britain and Northern Ireland","GB","Aves",NA,"PRESENT","HUMAN_OBSERVATION","iNaturalist","EUROPE","Chordata","Muscicapidae"
"Erithacus rubecula","Erithacus rubecula (Linnaeus, 1758)",54.286236,-3.232107,NA,2025,1,"United Kingdom of Great Britain and Northern Ireland","GB","Aves",NA,"PRESENT","HUMAN_OBSERVATION","iNaturalist","EUROPE","Chordata","Muscicapidae"
"Erithacus rubecula","Erithacus rubecula (Linnaeus, 1758)",51.630747,-0.509627,NA,2025,1,"United Kingdom of Great Britain and Northern Ireland","GB","Aves",NA,"PRESENT","HUMAN_OBSERVATION","iNaturalist","EUROPE","Chordata","Muscicapidae"
"Erithacus rubecula","Erithacus rubecula (Linnaeus, 1758)",53.400386,-1.740736,NA,2025,1,"United Kingdom of Great Britain and Northern Ireland","GB","Aves",NA,"PRESENT","HUMAN_OBSERVATION","iNaturalist","EUROPE","Chordata","Muscicapidae"
"Erithacus rubecula","Erithacus rubecula (Linnaeus, 1758)",53.639286,-2.154977,2,2025,1,"United Kingdom of Great Britain and Northern Ireland","GB","Aves",NA,"PRESENT","HUMAN_OBSERVATION","iNaturalist","EUROPE","Chordata","Muscicapidae"
"Erithacus rubecula","Erithacus rubecula (Linnaeus, 1758)",53.634354,-2.152416,2,2025,1,"United Kingdom of Great Britain and Northern Ireland","GB","Aves",NA,"PRESENT","HUMAN_OBSERVATION","iNaturalist","EUROPE","Chordata","Muscicapidae"
"Erithacus rubecula","Erithacus rubecula (Linnaeus, 1758)",52.378369,-1.434971,80,2025,1,"United Kingdom of Great Britain and Northern Ireland","GB","Aves",NA,"PRESENT","HUMAN_OBSERVATION","iNaturalist","EUROPE","Chordata","Muscicapidae"
"Erithacus rubecula","Erithacus rubecula (Linnaeus, 1758)",52.592106,-1.412689,NA,2025,1,"United Kingdom of Great Britain and Northern Ireland","GB","Aves",NA,"PRESENT","HUMAN_OBSERVATION","iNaturalist","EUROPE","Chordata","Muscicapidae"
"Erithacus rubecula","Erithacus rubecula (Linnaeus, 1758)",52.896878,-1.332603,NA,2025,1,"United Kingdom of Great Britain and Northern Ireland","GB","Aves",NA,"PRESENT","HUMAN_OBSERVATION","iNaturalist","EUROPE","Chordata","Muscicapidae"
"Erithacus rubecula","Erithacus rubecula (Linnaeus, 1758)",51.609344,0.195363,6,2025,1,"United Kingdom of Great Britain and Northern Ireland","GB","Aves",NA,"PRESENT","HUMAN_OBSERVATION","iNaturalist","EUROPE","Chordata","Muscicapidae"
"Erithacus rubecula","Erithacus rubecula (Linnaeus, 1758)",53.625683,-2.872324,15,2025,1,"United Kingdom of Great Britain and Northern Ireland","GB","Aves",NA,"PRESENT","HUMAN_OBSERVATION","iNaturalist","EUROPE","Chordata","Muscicapidae"
"Erithacus rubecula","Erithacus rubecula (Linnaeus, 1758)",53.414222,-2.048154,32,2025,1,"United Kingdom of Great Britain and Northern Ireland","GB","Aves",NA,"PRESENT","HUMAN_OBSERVATION","iNaturalist","EUROPE","Chordata","Muscicapidae"
"Erithacus rubecula","Erithacus rubecula (Linnaeus, 1758)",53.625699,-2.87237,NA,2025,1,"United Kingdom of Great Britain and Northern Ireland","GB","Aves",NA,"PRESENT","HUMAN_OBSERVATION","iNaturalist","EUROPE","Chordata","Muscicapidae"
"Erithacus rubecula","Erithacus rubecula (Linnaeus, 1758)",53.634168,-2.141085,2,2025,1,"United Kingdom of Great Britain and Northern Ireland","GB","Aves",NA,"PRESENT","HUMAN_OBSERVATION","iNaturalist","EUROPE","Chordata","Muscicapidae"
"Erithacus rubecula","Erithacus rubecula (Linnaeus, 1758)",51.615294,0.603673,26164,2025,1,"United Kingdom of Great Britain and Northern Ireland","GB","Aves",NA,"PRESENT","HUMAN_OBSERVATION","iNaturalist","EUROPE","Chordata","Muscicapidae"
"Erithacus rubecula","Erithacus rubecula (Linnaeus, 1758)",53.450393,-2.955879,15,2025,1,"United Kingdom of Great Britain and Northern Ireland","GB","Aves",NA,"PRESENT","HUMAN_OBSERVATION","iNaturalist","EUROPE","Chordata","Muscicapidae"
"Erithacus rubecula","Erithacus rubecula (Linnaeus, 1758)",53.07291,-2.566461,25940,2025,1,"United Kingdom of Great Britain and Northern Ireland","GB","Aves",NA,"PRESENT","HUMAN_OBSERVATION","iNaturalist","EUROPE","Chordata","Muscicapidae"
"Erithacus rubecula","Erithacus rubecula (Linnaeus, 1758)",52.194385,0.124909,NA,2025,1,"United Kingdom of Great Britain and Northern Ireland","GB","Aves",NA,"PRESENT","HUMAN_OBSERVATION","iNaturalist","EUROPE","Chordata","Muscicapidae"
"Erithacus rubecula","Erithacus rubecula (Linnaeus, 1758)",51.306975,-1.090589,4,2025,1,"United Kingdom of Great Britain and Northern Ireland","GB","Aves",NA,"PRESENT","HUMAN_OBSERVATION","iNaturalist","EUROPE","Chordata","Muscicapidae"
"Erithacus rubecula","Erithacus rubecula (Linnaeus, 1758)",50.733222,-2.006834,345,2025,1,"United Kingdom of Great Britain and Northern Ireland","GB","Aves",NA,"PRESENT","HUMAN_OBSERVATION","iNaturalist","EUROPE","Chordata","Muscicapidae"
"Erithacus rubecula","Erithacus rubecula (Linnaeus, 1758)",53.312826,-1.917433,70,2025,1,"United Kingdom of Great Britain and Northern Ireland","GB","Aves",NA,"PRESENT","HUMAN_OBSERVATION","iNaturalist","EUROPE","Chordata","Muscicapidae"
"Erithacus rubecula","Erithacus rubecula (Linnaeus, 1758)",51.094386,-0.184519,1,2025,1,"United Kingdom of Great Britain and Northern Ireland","GB","Aves",NA,"PRESENT","HUMAN_OBSERVATION","iNaturalist","EUROPE","Chordata","Muscicapidae"
"Erithacus rubecula","Erithacus rubecula (Linnaeus, 1758)",50.460706,-3.906382,26357,2025,1,"United Kingdom of Great Britain and Northern Ireland","GB","Aves",NA,"PRESENT","HUMAN_OBSERVATION","iNaturalist","EUROPE","Chordata","Muscicapidae"
"Erithacus rubecula","Erithacus rubecula (Linnaeus, 1758)",52.702343,1.094365,26004,2025,1,"United Kingdom of Great Britain and Northern Ireland","GB","Aves",NA,"PRESENT","HUMAN_OBSERVATION","iNaturalist","EUROPE","Chordata","Muscicapidae"
"Erithacus rubecula","Erithacus rubecula (Linnaeus, 1758)",55.966628,-3.212625,3,2025,1,"United Kingdom of Great Britain and Northern Ireland","GB","Aves",NA,"PRESENT","HUMAN_OBSERVATION","iNaturalist","EUROPE","Chordata","Muscicapidae"
"Erithacus rubecula","Erithacus rubecula (Linnaeus, 1758)",51.419923,-2.240264,341,2025,1,"United Kingdom of Great Britain and Northern Ireland","GB","Aves",NA,"PRESENT","HUMAN_OBSERVATION","iNaturalist","EUROPE","Chordata","Muscicapidae"
"Erithacus rubecula","Erithacus rubecula (Linnaeus, 1758)",51.174328,0.403702,37,2025,1,"United Kingdom of Great Britain and Northern Ireland","GB","Aves",NA,"PRESENT","HUMAN_OBSERVATION","iNaturalist","EUROPE","Chordata","Muscicapidae"
"Erithacus rubecula","Erithacus rubecula (Linnaeus, 1758)",54.768539,-2.39859,93,2025,1,"United Kingdom of Great Britain and Northern Ireland","GB","Aves",NA,"PRESENT","HUMAN_OBSERVATION","iNaturalist","EUROPE","Chordata","Muscicapidae"
"Erithacus rubecula","Erithacus rubecula (Linnaeus, 1758)",53.746447,-1.410995,34,2025,1,"United Kingdom of Great Britain and Northern Ireland","GB","Aves",NA,"PRESENT","HUMAN_OBSERVATION","iNaturalist","EUROPE","Chordata","Muscicapidae"
"Erithacus rubecula","Erithacus rubecula (Linnaeus, 1758)",53.909588,-1.68172,1,2025,1,"United Kingdom of Great Britain and Northern Ireland","GB","Aves",NA,"PRESENT","HUMAN_OBSERVATION","iNaturalist","EUROPE","Chordata","Muscicapidae"
"Erithacus rubecula","Erithacus rubecula (Linnaeus, 1758)",51.823547,0.881486,5,2025,1,"United Kingdom of Great Britain and Northern Ireland","GB","Aves",NA,"PRESENT","HUMAN_OBSERVATION","iNaturalist","EUROPE","Chordata","Muscicapidae"
"Erithacus rubecula","Erithacus rubecula (Linnaeus, 1758)",53.435416,-2.30409,89,2025,1,"United Kingdom of Great Britain and Northern Ireland","GB","Aves",NA,"PRESENT","HUMAN_OBSERVATION","iNaturalist","EUROPE","Chordata","Muscicapidae"
"Erithacus rubecula","Erithacus rubecula (Linnaeus, 1758)",53.315595,-1.496864,156,2025,1,"United Kingdom of Great Britain and Northern Ireland","GB","Aves",NA,"PRESENT","HUMAN_OBSERVATION","iNaturalist","EUROPE","Chordata","Muscicapidae"
"Erithacus rubecula","Erithacus rubecula (Linnaeus, 1758)",52.813203,-1.503597,NA,2025,1,"United Kingdom of Great Britain and Northern Ireland","GB","Aves",NA,"PRESENT","HUMAN_OBSERVATION","iNaturalist","EUROPE","Chordata","Muscicapidae"
"Erithacus rubecula","Erithacus rubecula (Linnaeus, 1758)",51.451921,0.589697,145,2025,1,"United Kingdom of Great Britain and Northern Ireland","GB","Aves",NA,"PRESENT","HUMAN_OBSERVATION","iNaturalist","EUROPE","Chordata","Muscicapidae"
"Erithacus rubecula","Erithacus rubecula (Linnaeus, 1758)",51.673977,-1.252794,2,2025,1,"United Kingdom of Great Britain and Northern Ireland","GB","Aves",NA,"PRESENT","HUMAN_OBSERVATION","iNaturalist","EUROPE","Chordata","Muscicapidae"
"Erithacus rubecula","Erithacus rubecula (Linnaeus, 1758)",51.56133,0.815215,NA,2025,1,"United Kingdom of Great Britain and Northern Ireland","GB","Aves",NA,"PRESENT","HUMAN_OBSERVATION","iNaturalist","EUROPE","Chordata","Muscicapidae"
"Erithacus rubecula","Erithacus rubecula (Linnaeus, 1758)",53.639246,-2.155065,2,2025,1,"United Kingdom of Great Britain and Northern Ireland","GB","Aves",NA,"PRESENT","HUMAN_OBSERVATION","iNaturalist","EUROPE","Chordata","Muscicapidae"
"Erithacus rubecula","Erithacus rubecula (Linnaeus, 1758)",53.699298,-2.736969,367,2025,1,"United Kingdom of Great Britain and Northern Ireland","GB","Aves",NA,"PRESENT","HUMAN_OBSERVATION","iNaturalist","EUROPE","Chordata","Muscicapidae"
"Erithacus rubecula","Erithacus rubecula (Linnaeus, 1758)",52.140318,-0.55009,26100,2025,1,"United Kingdom of Great Britain and Northern Ireland","GB","Aves",NA,"PRESENT","HUMAN_OBSERVATION","iNaturalist","EUROPE","Chordata","Muscicapidae"
"Erithacus rubecula","Erithacus rubecula (Linnaeus, 1758)",55.954483,-3.211708,6,2025,1,"United Kingdom of Great Britain and Northern Ireland","GB","Aves",NA,"PRESENT","HUMAN_OBSERVATION","iNaturalist","EUROPE","Chordata","Muscicapidae"
"Erithacus rubecula","Erithacus rubecula (Linnaeus, 1758)",52.407594,-1.53389,30,2025,1,"United Kingdom of Great Britain and Northern Ireland","GB","Aves",NA,"PRESENT","HUMAN_OBSERVATION","iNaturalist","EUROPE","Chordata","Muscicapidae"
"Erithacus rubecula","Erithacus rubecula (Linnaeus, 1758)",51.156837,-1.344132,61,2025,1,"United Kingdom of Great Britain and Northern Ireland","GB","Aves",NA,"PRESENT","HUMAN_OBSERVATION","iNaturalist","EUROPE","Chordata","Muscicapidae"
"Erithacus rubecula","Erithacus rubecula (Linnaeus, 1758)",50.676272,-3.45517,38,2025,1,"United Kingdom of Great Britain and Northern Ireland","GB","Aves",NA,"PRESENT","HUMAN_OBSERVATION","iNaturalist","EUROPE","Chordata","Muscicapidae"
"Erithacus rubecula","Erithacus rubecula (Linnaeus, 1758)",51.451799,0.589698,23,2025,1,"United Kingdom of Great Britain and Northern Ireland","GB","Aves",NA,"PRESENT","HUMAN_OBSERVATION","iNaturalist","EUROPE","Chordata","Muscicapidae"
"Erithacus rubecula","Erithacus rubecula (Linnaeus, 1758)",53.320074,-1.900476,31,2025,1,"United Kingdom of Great Britain and Northern Ireland","GB","Aves",NA,"PRESENT","HUMAN_OBSERVATION","iNaturalist","EUROPE","Chordata","Muscicapidae"
"Erithacus rubecula","Erithacus rubecula (Linnaeus, 1758)",53.022922,-2.165336,160,2025,1,"United Kingdom of Great Britain and Northern Ireland","GB","Aves",NA,"PRESENT","HUMAN_OBSERVATION","iNaturalist","EUROPE","Chordata","Muscicapidae"
"Erithacus rubecula","Erithacus rubecula (Linnaeus, 1758)",52.052749,1.221788,61,2025,1,"United Kingdom of Great Britain and Northern Ireland","GB","Aves",NA,"PRESENT","HUMAN_OBSERVATION","iNaturalist","EUROPE","Chordata","Muscicapidae"
"Erithacus rubecula","Erithacus rubecula (Linnaeus, 1758)",52.568551,-1.841059,8,2025,1,"United Kingdom of Great Britain and Northern Ireland","GB","Aves",NA,"PRESENT","HUMAN_OBSERVATION","iNaturalist","EUROPE","Chordata","Muscicapidae"
"Erithacus rubecula","Erithacus rubecula (Linnaeus, 1758)",51.625866,-0.571269,26164,2025,1,"United Kingdom of Great Britain and Northern Ireland","GB","Aves",NA,"PRESENT","HUMAN_OBSERVATION","iNaturalist","EUROPE","Chordata","Muscicapidae"
"Erithacus rubecula","Erithacus rubecula (Linnaeus, 1758)",54.838904,-1.352295,93,2025,1,"United Kingdom of Great Britain and Northern Ireland","GB","Aves",NA,"PRESENT","HUMAN_OBSERVATION","iNaturalist","EUROPE","Chordata","Muscicapidae"
"Erithacus rubecula","Erithacus rubecula (Linnaeus, 1758)",56.495742,-5.401142,NA,2025,1,"United Kingdom of Great Britain and Northern Ireland","GB","Aves",NA,"PRESENT","HUMAN_OBSERVATION","iNaturalist","EUROPE","Chordata","Muscicapidae"
"Erithacus rubecula","Erithacus rubecula (Linnaeus, 1758)",53.017754,-2.547882,25940,2025,1,"United Kingdom of Great Britain and Northern Ireland","GB","Aves",NA,"PRESENT","HUMAN_OBSERVATION","iNaturalist","EUROPE","Chordata","Muscicapidae"
"Erithacus rubecula","Erithacus rubecula (Linnaeus, 1758)",53.764169,-0.300925,9,2025,1,"United Kingdom of Great Britain and Northern Ireland","GB","Aves",NA,"PRESENT","HUMAN_OBSERVATION","iNaturalist","EUROPE","Chordata","Muscicapidae"
"Erithacus rubecula","Erithacus rubecula (Linnaeus, 1758)",52.780484,-1.966178,11,2025,1,"United Kingdom of Great Britain and Northern Ireland","GB","Aves",NA,"PRESENT","HUMAN_OBSERVATION","iNaturalist","EUROPE","Chordata","Muscicapidae"
"Erithacus rubecula","Erithacus rubecula (Linnaeus, 1758)",51.522903,-0.027417,10,2025,1,"United Kingdom of Great Britain and Northern Ireland","GB","Aves",NA,"PRESENT","HUMAN_OBSERVATION","iNaturalist","EUROPE","Chordata","Muscicapidae"
"Erithacus rubecula","Erithacus rubecula (Linnaeus, 1758)",53.400537,-1.74099,NA,2025,1,"United Kingdom of Great Britain and Northern Ireland","GB","Aves",NA,"PRESENT","HUMAN_OBSERVATION","iNaturalist","EUROPE","Chordata","Muscicapidae"
"Erithacus rubecula","Erithacus rubecula (Linnaeus, 1758)",55.236392,-6.51573,18,2025,1,"United Kingdom of Great Britain and Northern Ireland","GB","Aves",NA,"PRESENT","HUMAN_OBSERVATION","iNaturalist","EUROPE","Chordata","Muscicapidae"
"Erithacus rubecula","Erithacus rubecula (Linnaeus, 1758)",51.575449,-0.6719,26196,2025,1,"United Kingdom of Great Britain and Northern Ireland","GB","Aves",NA,"PRESENT","HUMAN_OBSERVATION","iNaturalist","EUROPE","Chordata","Muscicapidae"
"Erithacus rubecula","Erithacus rubecula (Linnaeus, 1758)",50.374518,-4.171349,31,2025,1,"United Kingdom of Great Britain and Northern Ireland","GB","Aves",NA,"PRESENT","HUMAN_OBSERVATION","iNaturalist","EUROPE","Chordata","Muscicapidae"
"Erithacus rubecula","Erithacus rubecula (Linnaeus, 1758)",52.529423,-1.377895,31,2025,1,"United Kingdom of Great Britain and Northern Ireland","GB","Aves",NA,"PRESENT","HUMAN_OBSERVATION","iNaturalist","EUROPE","Chordata","Muscicapidae"
"Erithacus rubecula","Erithacus rubecula (Linnaeus, 1758)",52.962744,0.603889,NA,2025,1,"United Kingdom of Great Britain and Northern Ireland","GB","Aves",NA,"PRESENT","HUMAN_OBSERVATION","iNaturalist","EUROPE","Chordata","Muscicapidae"
"Erithacus rubecula","Erithacus rubecula (Linnaeus, 1758)",53.7434,-1.31502,31,2025,1,"United Kingdom of Great Britain and Northern Ireland","GB","Aves",NA,"PRESENT","HUMAN_OBSERVATION","iNaturalist","EUROPE","Chordata","Muscicapidae"
"Erithacus rubecula","Erithacus rubecula (Linnaeus, 1758)",52.599936,-1.413917,NA,2025,1,"United Kingdom of Great Britain and Northern Ireland","GB","Aves",NA,"PRESENT","HUMAN_OBSERVATION","iNaturalist","EUROPE","Chordata","Muscicapidae"
"Erithacus rubecula","Erithacus rubecula (Linnaeus, 1758)",53.761719,-0.327565,3,2025,1,"United Kingdom of Great Britain and Northern Ireland","GB","Aves",NA,"PRESENT","HUMAN_OBSERVATION","iNaturalist","EUROPE","Chordata","Muscicapidae"
"Erithacus rubecula","Erithacus rubecula (Linnaeus, 1758)",56.106408,-3.177353,9,2025,1,"United Kingdom of Great Britain and Northern Ireland","GB","Aves",NA,"PRESENT","HUMAN_OBSERVATION","iNaturalist","EUROPE","Chordata","Muscicapidae"
"Erithacus rubecula","Erithacus rubecula (Linnaeus, 1758)",50.940357,-1.76055,18058,2025,1,"United Kingdom of Great Britain and Northern Ireland","GB","Aves",NA,"PRESENT","HUMAN_OBSERVATION","iNaturalist","EUROPE","Chordata","Muscicapidae"
"Erithacus rubecula","Erithacus rubecula (Linnaeus, 1758)",55.977407,-3.595968,NA,2025,1,"United Kingdom of Great Britain and Northern Ireland","GB","Aves",NA,"PRESENT","HUMAN_OBSERVATION","iNaturalist","EUROPE","Chordata","Muscicapidae"
"Erithacus rubecula","Erithacus rubecula (Linnaeus, 1758)",54.515674,-1.55865,NA,2025,1,"United Kingdom of Great Britain and Northern Ireland","GB","Aves",NA,"PRESENT","HUMAN_OBSERVATION","iNaturalist","EUROPE","Chordata","Muscicapidae"
"Erithacus rubecula","Erithacus rubecula (Linnaeus, 1758)",55.651572,-1.847566,2,2025,1,"United Kingdom of Great Britain and Northern Ireland","GB","Aves",NA,"PRESENT","HUMAN_OBSERVATION","iNaturalist","EUROPE","Chordata","Muscicapidae"
"Erithacus rubecula","Erithacus rubecula (Linnaeus, 1758)",51.502296,-0.131949,95,2025,1,"United Kingdom of Great Britain and Northern Ireland","GB","Aves",NA,"PRESENT","HUMAN_OBSERVATION","iNaturalist","EUROPE","Chordata","Muscicapidae"
"Erithacus rubecula","Erithacus rubecula (Linnaeus, 1758)",51.780348,-3.594454,57,2025,1,"United Kingdom of Great Britain and Northern Ireland","GB","Aves",NA,"PRESENT","HUMAN_OBSERVATION","iNaturalist","EUROPE","Chordata","Muscicapidae"
"Erithacus rubecula","Erithacus rubecula (Linnaeus, 1758)",51.486373,-2.535174,27,2025,1,"United Kingdom of Great Britain and Northern Ireland","GB","Aves",NA,"PRESENT","HUMAN_OBSERVATION","iNaturalist","EUROPE","Chordata","Muscicapidae"
"Erithacus rubecula","Erithacus rubecula (Linnaeus, 1758)",51.810522,-2.722177,4,2025,1,"United Kingdom of Great Britain and Northern Ireland","GB","Aves",NA,"PRESENT","HUMAN_OBSERVATION","iNaturalist","EUROPE","Chordata","Muscicapidae"
"Erithacus rubecula","Erithacus rubecula (Linnaeus, 1758)",53.414321,-2.049612,20,2025,1,"United Kingdom of Great Britain and Northern Ireland","GB","Aves",NA,"PRESENT","HUMAN_OBSERVATION","iNaturalist","EUROPE","Chordata","Muscicapidae"
"Erithacus rubecula","Erithacus rubecula (Linnaeus, 1758)",53.254548,-1.905695,2,2025,1,"United Kingdom of Great Britain and Northern Ireland","GB","Aves",NA,"PRESENT","HUMAN_OBSERVATION","iNaturalist","EUROPE","Chordata","Muscicapidae"
"Erithacus rubecula","Erithacus rubecula (Linnaeus, 1758)",52.249665,0.361536,NA,2025,1,"United Kingdom of Great Britain and Northern Ireland","GB","Aves",NA,"PRESENT","HUMAN_OBSERVATION","iNaturalist","EUROPE","Chordata","Muscicapidae"
"Erithacus rubecula","Erithacus rubecula (Linnaeus, 1758)",51.486111,-2.545015,8,2025,1,"United Kingdom of Great Britain and Northern Ireland","GB","Aves",NA,"PRESENT","HUMAN_OBSERVATION","iNaturalist","EUROPE","Chordata","Muscicapidae"
"Erithacus rubecula","Erithacus rubecula (Linnaeus, 1758)",50.88282,-1.205308,6,2025,1,"United Kingdom of Great Britain and Northern Ireland","GB","Aves",NA,"PRESENT","HUMAN_OBSERVATION","iNaturalist","EUROPE","Chordata","Muscicapidae"
"Erithacus rubecula","Erithacus rubecula (Linnaeus, 1758)",52.902028,-1.343042,NA,2025,1,"United Kingdom of Great Britain and Northern Ireland","GB","Aves",NA,"PRESENT","HUMAN_OBSERVATION","iNaturalist","EUROPE","Chordata","Muscicapidae"
"Erithacus rubecula","Erithacus rubecula (Linnaeus, 1758)",53.445582,-2.88366,188,2025,1,"United Kingdom of Great Britain and Northern Ireland","GB","Aves",NA,"PRESENT","HUMAN_OBSERVATION","iNaturalist","EUROPE","Chordata","Muscicapidae"
"Erithacus rubecula","Erithacus rubecula (Linnaeus, 1758)",51.446862,-0.142507,81,2025,1,"United Kingdom of Great Britain and Northern Ireland","GB","Aves",NA,"PRESENT","HUMAN_OBSERVATION","iNaturalist","EUROPE","Chordata","Muscicapidae"
"Erithacus rubecula","Erithacus rubecula (Linnaeus, 1758)",52.662104,-1.945724,15,2025,1,"United Kingdom of Great Britain and Northern Ireland","GB","Aves",NA,"PRESENT","HUMAN_OBSERVATION","iNaturalist","EUROPE","Chordata","Muscicapidae"
"Erithacus rubecula","Erithacus rubecula (Linnaeus, 1758)",53.639247,-2.155065,2,2025,1,"United Kingdom of Great Britain and Northern Ireland","GB","Aves",NA,"PRESENT","HUMAN_OBSERVATION","iNaturalist","EUROPE","Chordata","Muscicapidae"
"Erithacus rubecula","Erithacus rubecula (Linnaeus, 1758)",51.609357,0.195462,6,2025,1,"United Kingdom of Great Britain and Northern Ireland","GB","Aves",NA,"PRESENT","HUMAN_OBSERVATION","iNaturalist","EUROPE","Chordata","Muscicapidae"
"Erithacus rubecula","Erithacus rubecula (Linnaeus, 1758)",51.231978,-0.574913,40,2025,1,"United Kingdom of Great Britain and Northern Ireland","GB","Aves",NA,"PRESENT","HUMAN_OBSERVATION","iNaturalist","EUROPE","Chordata","Muscicapidae"
"Erithacus rubecula","Erithacus rubecula (Linnaeus, 1758)",51.615573,0.189846,14,2025,1,"United Kingdom of Great Britain and Northern Ireland","GB","Aves",NA,"PRESENT","HUMAN_OBSERVATION","iNaturalist","EUROPE","Chordata","Muscicapidae"
"Erithacus rubecula","Erithacus rubecula (Linnaeus, 1758)",54.300216,-7.403886,25749,2025,1,"United Kingdom of Great Britain and Northern Ireland","GB","Aves",NA,"PRESENT","HUMAN_OBSERVATION","iNaturalist","EUROPE","Chordata","Muscicapidae"
"Erithacus rubecula","Erithacus rubecula (Linnaeus, 1758)",55.360272,-2.655163,228,2025,1,"United Kingdom of Great Britain and Northern Ireland","GB","Aves",NA,"PRESENT","HUMAN_OBSERVATION","iNaturalist","EUROPE","Chordata","Muscicapidae"
"Erithacus rubecula","Erithacus rubecula (Linnaeus, 1758)",51.769145,-2.358545,NA,2025,1,"United Kingdom of Great Britain and Northern Ireland","GB","Aves",NA,"PRESENT","HUMAN_OBSERVATION","iNaturalist","EUROPE","Chordata","Muscicapidae"
"Erithacus rubecula","Erithacus rubecula (Linnaeus, 1758)",56.646435,-2.90197,61,2025,1,"United Kingdom of Great Britain and Northern Ireland","GB","Aves",NA,"PRESENT","HUMAN_OBSERVATION","iNaturalist","EUROPE","Chordata","Muscicapidae"
"Erithacus rubecula","Erithacus rubecula (Linnaeus, 1758)",56.502831,-5.41809,NA,2025,1,"United Kingdom of Great Britain and Northern Ireland","GB","Aves",NA,"PRESENT","HUMAN_OBSERVATION","iNaturalist","EUROPE","Chordata","Muscicapidae"
"Erithacus rubecula","Erithacus rubecula (Linnaeus, 1758)",52.286922,-0.598663,12,2025,1,"United Kingdom of Great Britain and Northern Ireland","GB","Aves",NA,"PRESENT","HUMAN_OBSERVATION","iNaturalist","EUROPE","Chordata","Muscicapidae"
"Erithacus rubecula","Erithacus rubecula (Linnaeus, 1758)",57.176927,-2.129447,59,2025,1,"United Kingdom of Great Britain and Northern Ireland","GB","Aves",NA,"PRESENT","HUMAN_OBSERVATION","iNaturalist","EUROPE","Chordata","Muscicapidae"
"Erithacus rubecula","Erithacus rubecula (Linnaeus, 1758)",51.461558,-0.182655,25,2025,1,"United Kingdom of Great Britain and Northern Ireland","GB","Aves",NA,"PRESENT","HUMAN_OBSERVATION","iNaturalist","EUROPE","Chordata","Muscicapidae"
"Erithacus rubecula","Erithacus rubecula (Linnaeus, 1758)",50.706016,-3.270295,6,2025,1,"United Kingdom of Great Britain and Northern Ireland","GB","Aves",NA,"PRESENT","HUMAN_OBSERVATION","iNaturalist","EUROPE","Chordata","Muscicapidae"
"Erithacus rubecula","Erithacus rubecula (Linnaeus, 1758)",53.797258,-0.318033,8,2025,1,"United Kingdom of Great Britain and Northern Ireland","GB","Aves",NA,"PRESENT","HUMAN_OBSERVATION","iNaturalist","EUROPE","Chordata","Muscicapidae"
"Erithacus rubecula","Erithacus rubecula (Linnaeus, 1758)",53.387124,-1.514812,NA,2025,1,"United Kingdom of Great Britain and Northern Ireland","GB","Aves",NA,"PRESENT","HUMAN_OBSERVATION","iNaturalist","EUROPE","Chordata","Muscicapidae"
"Erithacus rubecula","Erithacus rubecula (Linnaeus, 1758)",52.247363,1.619089,2,2025,1,"United Kingdom of Great Britain and Northern Ireland","GB","Aves",NA,"PRESENT","HUMAN_OBSERVATION","iNaturalist","EUROPE","Chordata","Muscicapidae"
"Erithacus rubecula","Erithacus rubecula (Linnaeus, 1758)",51.532692,0.626897,5,2025,1,"United Kingdom of Great Britain and Northern Ireland","GB","Aves",NA,"PRESENT","HUMAN_OBSERVATION","iNaturalist","EUROPE","Chordata","Muscicapidae"
"Erithacus rubecula","Erithacus rubecula (Linnaeus, 1758)",56.15265,-4.906822,18,2025,1,"United Kingdom of Great Britain and Northern Ireland","GB","Aves","Scotland - Argyll forest park","PRESENT","HUMAN_OBSERVATION",NA,"EUROPE","Chordata","Muscicapidae"
"Erithacus rubecula","Erithacus rubecula (Linnaeus, 1758)",52.498612,-0.983262,6,2025,1,"United Kingdom of Great Britain and Northern Ireland","GB","Aves","Foxton CP","PRESENT","HUMAN_OBSERVATION",NA,"EUROPE","Chordata","Muscicapidae"
"Erithacus rubecula","Erithacus rubecula (Linnaeus, 1758)",51.551708,-0.043794,5,2025,1,"United Kingdom of Great Britain and Northern Ireland","GB","Aves","England - Greater London","PRESENT","HUMAN_OBSERVATION",NA,"EUROPE","Chordata","Muscicapidae"
"Erithacus rubecula","Erithacus rubecula (Linnaeus, 1758)",52.830959,0.844485,5,2025,1,"United Kingdom of Great Britain and Northern Ireland","GB","Aves","Fakenham CP","PRESENT","HUMAN_OBSERVATION",NA,"EUROPE","Chordata","Muscicapidae"
"Erithacus rubecula","Erithacus rubecula (Linnaeus, 1758)",55.019059,-1.537842,16,2025,1,"United Kingdom of Great Britain and Northern Ireland","GB","Aves","England - Tyne and Wear","PRESENT","HUMAN_OBSERVATION",NA,"EUROPE","Chordata","Muscicapidae"
"Erithacus rubecula","Erithacus rubecula (Linnaeus, 1758)",51.540932,-0.059024,6,2025,1,"United Kingdom of Great Britain and Northern Ireland","GB","Aves","London - London Fields","PRESENT","HUMAN_OBSERVATION",NA,"EUROPE","Chordata","Muscicapidae"
"Erithacus rubecula","Erithacus rubecula (Linnaeus, 1758)",51.440215,-2.58364,10,2025,1,"United Kingdom of Great Britain and Northern Ireland","GB","Aves","Victoria Park","PRESENT","HUMAN_OBSERVATION",NA,"EUROPE","Chordata","Muscicapidae"
"Erithacus rubecula","Erithacus rubecula (Linnaeus, 1758)",51.459645,-2.564832,10,2025,1,"United Kingdom of Great Britain and Northern Ireland","GB","Aves","England - Bristol","PRESENT","HUMAN_OBSERVATION",NA,"EUROPE","Chordata","Muscicapidae"
"Erithacus rubecula","Erithacus rubecula (Linnaeus, 1758)",52.515324,0.684083,3,2025,1,"United Kingdom of Great Britain and Northern Ireland","GB","Aves","Lynford CP","PRESENT","HUMAN_OBSERVATION",NA,"EUROPE","Chordata","Muscicapidae"
"Erithacus rubecula","Erithacus rubecula (Linnaeus, 1758)",51.595116,-0.069027,5,2025,1,"United Kingdom of Great Britain and Northern Ireland","GB","Aves","England - Greater London","PRESENT","HUMAN_OBSERVATION",NA,"EUROPE","Chordata","Muscicapidae"
"Erithacus rubecula","Erithacus rubecula (Linnaeus, 1758)",52.116357,-0.293562,29,2025,1,"United Kingdom of Great Britain and Northern Ireland","GB","Aves","Sandy CP","PRESENT","HUMAN_OBSERVATION",NA,"EUROPE","Chordata","Muscicapidae"
"Erithacus rubecula","Erithacus rubecula (Linnaeus, 1758)",51.595116,-0.069027,5,2025,1,"United Kingdom of Great Britain and Northern Ireland","GB","Aves","England - Greater London","PRESENT","HUMAN_OBSERVATION",NA,"EUROPE","Chordata","Muscicapidae"
"Erithacus rubecula","Erithacus rubecula (Linnaeus, 1758)",51.548416,-0.052957,3,2025,1,"United Kingdom of Great Britain and Northern Ireland","GB","Aves","England - Greater London","PRESENT","HUMAN_OBSERVATION",NA,"EUROPE","Chordata","Muscicapidae"
"Erithacus rubecula","Erithacus rubecula (Linnaeus, 1758)",55.024548,-1.543093,11,2025,1,"United Kingdom of Great Britain and Northern Ireland","GB","Aves","England - Tyne and Wear","PRESENT","HUMAN_OBSERVATION",NA,"EUROPE","Chordata","Muscicapidae"
"Erithacus rubecula","Erithacus rubecula (Linnaeus, 1758)",51.540207,-0.013945,3,2025,1,"United Kingdom of Great Britain and Northern Ireland","GB","Aves","Queen Elizabeth Olympic Park","PRESENT","HUMAN_OBSERVATION",NA,"EUROPE","Chordata","Muscicapidae"
"Erithacus rubecula","Erithacus rubecula (Linnaeus, 1758)",51.532887,-0.067464,3,2025,1,"United Kingdom of Great Britain and Northern Ireland","GB","Aves","Haggerston Park","PRESENT","HUMAN_OBSERVATION",NA,"EUROPE","Chordata","Muscicapidae"
"Erithacus rubecula","Erithacus rubecula (Linnaeus, 1758)",51.551735,-0.043566,15,2025,1,"United Kingdom of Great Britain and Northern Ireland","GB","Aves","England - Greater London","PRESENT","HUMAN_OBSERVATION",NA,"EUROPE","Chordata","Muscicapidae"
"Erithacus rubecula","Erithacus rubecula (Linnaeus, 1758)",50.782988,-3.330068,4,2025,1,"United Kingdom of Great Britain and Northern Ireland","GB","Aves","Talaton CP","PRESENT","HUMAN_OBSERVATION",NA,"EUROPE","Chordata","Muscicapidae"
"Erithacus rubecula","Erithacus rubecula (Linnaeus, 1758)",51.418643,-2.599325,10,2025,1,"United Kingdom of Great Britain and Northern Ireland","GB","Aves","England - Bristol","PRESENT","HUMAN_OBSERVATION",NA,"EUROPE","Chordata","Muscicapidae"
"Erithacus rubecula","Erithacus rubecula (Linnaeus, 1758)",52.172558,-0.30575,29,2025,1,"United Kingdom of Great Britain and Northern Ireland","GB","Aves","Roxton CP","PRESENT","HUMAN_OBSERVATION",NA,"EUROPE","Chordata","Muscicapidae"
"Erithacus rubecula","Erithacus rubecula (Linnaeus, 1758)",51.537919,-0.020428,5,2025,1,"United Kingdom of Great Britain and Northern Ireland","GB","Aves","England - Greater London","PRESENT","HUMAN_OBSERVATION",NA,"EUROPE","Chordata","Muscicapidae"
"Erithacus rubecula","Erithacus rubecula (Linnaeus, 1758)",51.46518,-2.55573,10,2025,1,"United Kingdom of Great Britain and Northern Ireland","GB","Aves","England - Bristol","PRESENT","HUMAN_OBSERVATION",NA,"EUROPE","Chordata","Muscicapidae"
"Erithacus rubecula","Erithacus rubecula (Linnaeus, 1758)",51.541393,-0.037253,3,2025,1,"United Kingdom of Great Britain and Northern Ireland","GB","Aves","England - Greater London","PRESENT","HUMAN_OBSERVATION",NA,"EUROPE","Chordata","Muscicapidae"
"Erithacus rubecula","Erithacus rubecula (Linnaeus, 1758)",51.53083,-0.067262,4,2025,1,"United Kingdom of Great Britain and Northern Ireland","GB","Aves","London","PRESENT","HUMAN_OBSERVATION",NA,"EUROPE","Chordata","Muscicapidae"
"Erithacus rubecula","Erithacus rubecula (Linnaeus, 1758)",52.119385,-0.295113,7,2025,1,"United Kingdom of Great Britain and Northern Ireland","GB","Aves","Sandy CP","PRESENT","HUMAN_OBSERVATION",NA,"EUROPE","Chordata","Muscicapidae"
"Erithacus rubecula","Erithacus rubecula (Linnaeus, 1758)",55.8787,-4.177608,7,2025,1,"United Kingdom of Great Britain and Northern Ireland","GB","Aves","Scotland - Glasgow","PRESENT","HUMAN_OBSERVATION",NA,"EUROPE","Chordata","Muscicapidae"
"Erithacus rubecula","Erithacus rubecula (Linnaeus, 1758)",51.52615,-0.072115,3,2025,1,"United Kingdom of Great Britain and Northern Ireland","GB","Aves","London","PRESENT","HUMAN_OBSERVATION",NA,"EUROPE","Chordata","Muscicapidae"
"Erithacus rubecula","Erithacus rubecula (Linnaeus, 1758)",52.202341,0.155976,29,2025,1,"United Kingdom of Great Britain and Northern Ireland","GB","Aves","England - Cambridgeshire","PRESENT","HUMAN_OBSERVATION",NA,"EUROPE","Chordata","Muscicapidae"
"Erithacus rubecula","Erithacus rubecula (Linnaeus, 1758)",51.540766,-0.036686,5,2025,1,"United Kingdom of Great Britain and Northern Ireland","GB","Aves","Victoria Park","PRESENT","HUMAN_OBSERVATION",NA,"EUROPE","Chordata","Muscicapidae"
"Erithacus rubecula","Erithacus rubecula (Linnaeus, 1758)",51.540398,-0.014247,3,2025,1,"United Kingdom of Great Britain and Northern Ireland","GB","Aves","Queen Elizabeth Olympic Park","PRESENT","HUMAN_OBSERVATION",NA,"EUROPE","Chordata","Muscicapidae"
"Erithacus rubecula","Erithacus rubecula (Linnaeus, 1758)",52.515774,0.684404,3,2025,1,"United Kingdom of Great Britain and Northern Ireland","GB","Aves","Lynford CP","PRESENT","HUMAN_OBSERVATION",NA,"EUROPE","Chordata","Muscicapidae"
"Erithacus rubecula","Erithacus rubecula (Linnaeus, 1758)",51.459271,-2.565519,10,2025,1,"United Kingdom of Great Britain and Northern Ireland","GB","Aves","England - Bristol","PRESENT","HUMAN_OBSERVATION",NA,"EUROPE","Chordata","Muscicapidae"
"Erithacus rubecula","Erithacus rubecula (Linnaeus, 1758)",51.462856,-2.545221,10,2025,1,"United Kingdom of Great Britain and Northern Ireland","GB","Aves","St George Park","PRESENT","HUMAN_OBSERVATION",NA,"EUROPE","Chordata","Muscicapidae"
"Erithacus rubecula","Erithacus rubecula (Linnaeus, 1758)",55.833188,-4.273206,14,2025,1,"United Kingdom of Great Britain and Northern Ireland","GB","Aves","Scotland - Glasgow - Queens Park","PRESENT","HUMAN_OBSERVATION",NA,"EUROPE","Chordata","Muscicapidae"
"Erithacus rubecula","Erithacus rubecula (Linnaeus, 1758)",51.570026,-0.087646,5,2025,1,"United Kingdom of Great Britain and Northern Ireland","GB","Aves","England - Greater London","PRESENT","HUMAN_OBSERVATION",NA,"EUROPE","Chordata","Muscicapidae"
"Erithacus rubecula","Erithacus rubecula (Linnaeus, 1758)",50.778216,-3.294418,15,2025,1,"United Kingdom of Great Britain and Northern Ireland","GB","Aves","Ottery St. Mary CP","PRESENT","HUMAN_OBSERVATION",NA,"EUROPE","Chordata","Muscicapidae"
"Erithacus rubecula","Erithacus rubecula (Linnaeus, 1758)",51.595116,-0.069027,5,2025,1,"United Kingdom of Great Britain and Northern Ireland","GB","Aves","England - Greater London","PRESENT","HUMAN_OBSERVATION",NA,"EUROPE","Chordata","Muscicapidae"
"Erithacus rubecula","Erithacus rubecula (Linnaeus, 1758)",51.541817,-0.058889,5,2025,1,"United Kingdom of Great Britain and Northern Ireland","GB","Aves","London - London Fields","PRESENT","HUMAN_OBSERVATION",NA,"EUROPE","Chordata","Muscicapidae"
"Erithacus rubecula","Erithacus rubecula (Linnaeus, 1758)",51.53096,-0.067237,4,2025,1,"United Kingdom of Great Britain and Northern Ireland","GB","Aves","London","PRESENT","HUMAN_OBSERVATION",NA,"EUROPE","Chordata","Muscicapidae"
"Erithacus rubecula","Erithacus rubecula (Linnaeus, 1758)",52.962538,0.606053,1,2025,1,"United Kingdom of Great Britain and Northern Ireland","GB","Aves","Titchwell Marsh","PRESENT","HUMAN_OBSERVATION",NA,"EUROPE","Chordata","Muscicapidae"
"Erithacus rubecula","Erithacus rubecula (Linnaeus, 1758)",51.462665,-2.543585,10,2025,1,"United Kingdom of Great Britain and Northern Ireland","GB","Aves","England - Bristol","PRESENT","HUMAN_OBSERVATION",NA,"EUROPE","Chordata","Muscicapidae"
"Erithacus rubecula","Erithacus rubecula (Linnaeus, 1758)",52.962765,0.605464,3,2025,1,"United Kingdom of Great Britain and Northern Ireland","GB","Aves","Titchwell Marsh","PRESENT","HUMAN_OBSERVATION",NA,"EUROPE","Chordata","Muscicapidae"
"Erithacus rubecula","Erithacus rubecula (Linnaeus, 1758)",51.531815,-0.067589,3,2025,1,"United Kingdom of Great Britain and Northern Ireland","GB","Aves","London","PRESENT","HUMAN_OBSERVATION",NA,"EUROPE","Chordata","Muscicapidae"
"Erithacus rubecula","Erithacus rubecula (Linnaeus, 1758)",52.120628,-0.262116,15,2025,1,"United Kingdom of Great Britain and Northern Ireland","GB","Aves","Sandy CP","PRESENT","HUMAN_OBSERVATION",NA,"EUROPE","Chordata","Muscicapidae"
"Erithacus rubecula","Erithacus rubecula (Linnaeus, 1758)",51.463178,-2.545091,10,2025,1,"United Kingdom of Great Britain and Northern Ireland","GB","Aves","England - Bristol","PRESENT","HUMAN_OBSERVATION",NA,"EUROPE","Chordata","Muscicapidae"
"Erithacus rubecula","Erithacus rubecula (Linnaeus, 1758)",51.418224,-2.59896,10,2025,1,"United Kingdom of Great Britain and Northern Ireland","GB","Aves","England - Bristol","PRESENT","HUMAN_OBSERVATION",NA,"EUROPE","Chordata","Muscicapidae"
"Erithacus rubecula","Erithacus rubecula (Linnaeus, 1758)",51.459637,-2.62112,3,2025,1,"United Kingdom of Great Britain and Northern Ireland","GB","Aves","England - Bristol","PRESENT","HUMAN_OBSERVATION",NA,"EUROPE","Chordata","Muscicapidae"
